Timestamp,URL,Status,Latency
2026-02-19 13:54:59,http://therblxworld.com/,DOWN,
2026-02-19 13:55:10,http://therblxworld.com/,DOWN,
2026-02-19 13:55:20,http://therblxworld.com/,DOWN,
2026-02-19 13:55:30,http://therblxworld.com/,DOWN,
2026-02-19 13:55:40,http://therblxworld.com/,DOWN,
2026-02-19 13:55:50,http://therblxworld.com/,DOWN,
2026-02-19 13:56:00,http://therblxworld.com/,DOWN,
2026-02-19 13:56:11,http://therblxworld.com/,DOWN,
2026-02-19 13:56:21,http://therblxworld.com/,DOWN,
2026-02-19 13:56:31,http://therblxworld.com/,DOWN,
2026-02-19 13:56:41,http://therblxworld.com/,DOWN,
2026-02-19 13:56:51,http://therblxworld.com/,DOWN,
2026-02-19 13:57:02,http://therblxworld.com/,DOWN,
2026-02-19 13:57:12,http://therblxworld.com/,DOWN,
2026-02-19 13:57:22,http://therblxworld.com/,DOWN,
2026-02-19 13:57:32,http://therblxworld.com/,DOWN,
2026-02-19 13:57:42,http://therblxworld.com/,DOWN,
